second,Volt1
-7.35656e-05,-2.162814047187
-7.35588e-05,-1.961809024214
-7.3552e-05,-2.050251234323
-7.35452e-05,-1.977889426052
-7.35384e-05,-1.84924621135
-7.35316e-05,-1.801005005836
-7.35248e-05,-1.792964804918
-7.3518e-05,-1.768844202161
-7.35112e-05,-1.905527617783
-7.35044e-05,-1.833165809513
-7.34976e-05,-1.841206010431
-7.34908e-05,-1.768844202161
-7.3484e-05,-1.849246211351
-7.34772e-05,-1.817085407673
-7.34704e-05,-1.833165809513
-7.34636e-05,-1.736683398486
-7.34568e-05,-1.744723599403
-7.345e-05,-1.768844202159
-7.34432e-05,-1.527638174593
-7.34364e-05,-1.656281389295
-7.34296e-05,-1.752763800321
-7.34228e-05,-1.736683398487
-7.3416e-05,-1.567839179189
-7.34092e-05,-1.591959781944
-7.34024e-05,-1.672361791136
-7.33956e-05,-1.736683398486
-7.33888e-05,-1.688442192972
-7.3382e-05,-1.527638174594
-7.33752e-05,-1.608040183783
-7.33684e-05,-1.656281389295
-7.33616e-05,-1.624120585623
-7.33548e-05,-1.640200987456
-7.3348e-05,-1.567839179189
-7.33412e-05,-1.656281389294
-7.33344e-05,-1.672361791136
-7.33276e-05,-1.720602996646
-7.33208e-05,-1.608040183783
-7.3314e-05,-1.608040183781
-7.33072e-05,-1.583919581027
-7.33004e-05,-1.511557772758
-7.32936e-05,-1.599999982862
-7.32868e-05,-1.527638174593
-7.328e-05,-1.688442192972
-7.32732e-05,-1.575879380111
-7.32664e-05,-1.624120585618
-7.32596e-05,-1.559798978268
-7.32528e-05,-1.640200987455
-7.3246e-05,-1.527638174593
-7.32392e-05,-1.527638174593
-7.32324e-05,-1.479396969074
-7.32256e-05,-1.382914558056
-7.32188e-05,-1.398994959888
-7.3212e-05,-1.407035160808
-7.32052e-05,-0.385929644064
-7.31984e-05,1.503517571842
-7.31916e-05,2.395979873841
-7.31848e-05,2.516582887622
-7.3178e-05,2.572864294054
-7.31712e-05,2.484422083939
-7.31644e-05,2.621105499564
-7.31576e-05,2.420100476595
-7.31508e-05,2.363819070157
-7.3144e-05,2.45226128027
-7.31372e-05,2.412060275674
-7.31304e-05,2.339698467402
-7.31236e-05,2.331658266485
-7.31168e-05,2.194974850865
-7.311e-05,2.170854248106
-7.31032e-05,2.114572841672
-7.30964e-05,2.122613042595
-7.30896e-05,2.010050229728
-7.30828e-05,2.138693444435
-7.3076e-05,2.050251234316
-7.30692e-05,2.074371837077
-7.30624e-05,2.010050229728
-7.30556e-05,1.993969827886
-7.30488e-05,1.873366814109
-7.3042e-05,2.090452238917
-7.30352e-05,2.034170832483
-7.30284e-05,1.97788942605
-7.30216e-05,2.010050229728
-7.30148e-05,2.010050229728
-7.3008e-05,2.090452238917
-7.30012e-05,2.026130631569
-7.29944e-05,2.018090430645
-7.29876e-05,1.929648220539
-7.29808e-05,2.018090430639
-7.2974e-05,1.84924621135
-7.29672e-05,1.905527617785
-7.29604e-05,1.929648220539
-7.29536e-05,2.146733645342
-7.29468e-05,1.929648220539
-7.294e-05,1.929648220545
-7.29332e-05,1.84924621135
-7.29264e-05,2.066331636169
-7.29196e-05,1.929648220539
-7.29128e-05,1.82512560859
-7.2906e-05,1.849246211353
-7.28992e-05,1.985929626974
-7.28924e-05,1.97788942605
-7.28856e-05,1.929648220539
-7.28788e-05,1.929648220539
-7.2872e-05,2.010050229734
-7.28652e-05,1.833165809509
-7.28584e-05,1.841206010434
-7.28516e-05,2.010050229728
-7.28448e-05,2.010050229728
-7.2838e-05,1.92964822053
-7.28312e-05,1.688442192972
-7.28244e-05,1.575879380104
-7.28176e-05,1.616080384705
-7.28108e-05,1.688442192972
-7.2804e-05,1.768844202167
-7.27972e-05,1.913567818698
-7.27904e-05,1.993969827897
-7.27836e-05,1.977889426056
-7.27768e-05,2.138693444438
-7.277e-05,2.331658266478
-7.27632e-05,2.339698467414
-7.27564e-05,2.412060275674
-7.27496e-05,2.500502485785
-7.27428e-05,2.572864294052
-7.2736e-05,2.613065298636
-7.27292e-05,2.653266303241
-7.27224e-05,2.870351728063
-7.27156e-05,2.942713536326
-7.27088e-05,2.870351728048
-7.2702e-05,2.974874339987
-7.26952e-05,2.846231125303
-7.26884e-05,2.974874339998
-7.26816e-05,2.910552732654
-7.26748e-05,2.990954741832
-7.2668e-05,3.055276349195
-7.26612e-05,3.055276349187
-7.26544e-05,3.055276349187
-7.26476e-05,3.151758760222
-7.26408e-05,3.079396951948
-7.2634e-05,3.055276349191
-7.26272e-05,3.07939695194
-7.26204e-05,3.119597956546
-7.26136e-05,3.199999965719
-7.26068e-05,3.183919563898
-7.26e-05,3.175879362975
-7.25932e-05,3.199999965723
-7.25864e-05,3.20804016665
-7.25796e-05,3.216080367565
-7.25728e-05,3.240200970326
-7.2566e-05,3.135678358389
-7.25592e-05,3.26432157307
-7.25524e-05,3.360803984114
-7.25456e-05,3.36884418502
-7.25388e-05,3.232160769399
-7.2532e-05,3.216080367565
-7.25252e-05,3.216080367565
-7.25184e-05,3.28844217584
-7.25116e-05,3.264321573083
-7.25048e-05,3.320602979516
-7.2498e-05,3.296482376759
-7.24912e-05,3.320602979506
-7.24844e-05,3.360803984115
-7.24776e-05,3.376884385943
-7.24708e-05,3.312562778587
-7.2464e-05,3.256281372164
-7.24572e-05,3.232160769408
-7.24504e-05,3.224120568479
-7.24436e-05,3.183919563894
-7.24368e-05,3.240200970327
-7.243e-05,3.376884385934
-7.24232e-05,3.272361774002
-7.24164e-05,3.312562778582
-7.24096e-05,3.063316550013
-7.24028e-05,0.916582904697
-7.2396e-05,-0.402010045956
-7.23892e-05,-0.820100493734
-7.23824e-05,-1.029145717631
-7.23756e-05,-1.045226119459
-7.23688e-05,-1.037185918555
-7.2362e-05,-1.206030137832
-7.23552e-05,-1.125628128648
-7.23484e-05,-1.125628128648
-7.23416e-05,-1.286432147026
-7.23348e-05,-1.286432147026
-7.2328e-05,-1.286432147026
-7.23212e-05,-1.334673352529
-7.23144e-05,-1.350753754388
-7.23076e-05,-1.238190941507
-7.23008e-05,-1.342713553453
-7.2294e-05,-1.366834156215
-7.22872e-05,-1.423115562653
-7.22804e-05,-1.495477370912
-7.22736e-05,-1.447236165404
-7.22668e-05,-1.382914558048
-7.226e-05,-1.447236165404
-7.22532e-05,-1.447236165404
-7.22464e-05,-1.51959797368
-7.22396e-05,-1.527638174593
-7.22328e-05,-1.688442192972
-7.2226e-05,-1.768844202155
-7.22192e-05,-1.632160786534
-7.22124e-05,-1.688442192972
-7.22056e-05,-1.696482393896
-7.21988e-05,-1.768844202161
-7.2192e-05,-1.688442192972
-7.21852e-05,-1.768844202161
-7.21784e-05,-1.696482393885
-7.21716e-05,-1.736683398491
-7.21648e-05,-1.744723599398
-7.2158e-05,-1.929648220527
-7.21512e-05,-1.712562795723
-7.21444e-05,-1.768844202161
-7.21376e-05,-1.857286412275
-7.21308e-05,-1.929648220539
-7.2124e-05,-1.849246211362
-7.21172e-05,-1.752763800317
-7.21104e-05,-1.905527617801
-7.21036e-05,-1.720602996641
-7.20968e-05,-1.84924621135
-7.209e-05,-1.929648220539
-7.20832e-05,-1.929648220539
-7.20764e-05,-1.945728622364
-7.20696e-05,-1.784924604011
-7.20628e-05,-1.865326613182
-7.2056e-05,-1.84924621135
-7.20492e-05,-1.897487416851
-7.20424e-05,-1.696482393884
-7.20356e-05,-1.784924604011
-7.20288e-05,-1.688442192972
-7.2022e-05,-1.608040183789
-7.20152e-05,-1.632160786533
-7.20084e-05,-1.65628138929
-7.20016e-05,-1.776884403086
-7.19948e-05,-1.977889426066
-7.1988e-05,-2.010050229728
-7.19812e-05,-1.993969827917
-7.19744e-05,-2.106532640742
-7.19676e-05,-2.379899472005
-7.19608e-05,-2.4683416821
-7.1954e-05,-2.492462284863
-7.19472e-05,-2.548743691302
-7.19404e-05,-2.605025097735
-7.19336e-05,-2.725628111505
-7.19268e-05,-2.653266303241
-7.192e-05,-2.81407032162
-7.19132e-05,-2.685427106931
-7.19064e-05,-2.741708513342
-7.18996e-05,-2.765829116099
-7.18928e-05,-2.789949718856
-7.1886e-05,-2.814070321627
-7.18792e-05,-2.894472330809
-7.18724e-05,-2.974874339998
-7.18656e-05,-2.902512531735
-7.18588e-05,-2.974874339998
-7.1852e-05,-2.93467333541
-7.18452e-05,-2.894472330809
-7.18384e-05,-2.822110522531
-7.18316e-05,-3.007035143666
-7.18248e-05,-3.087437152848
-7.1818e-05,-2.814070321634
-7.18112e-05,-3.087437152877
-7.18044e-05,-2.974874339998
-7.17976e-05,-2.982914540924
-7.17908e-05,-2.990954741828
-7.1784e-05,-3.0150753446
-7.17772e-05,-2.990954741843
-7.17704e-05,-3.055276349187
-7.17636e-05,-3.007035143666
-7.17568e-05,-2.974874339998
-7.175e-05,-2.974874340005
-7.17432e-05,-3.055276349187
-7.17364e-05,-3.08743715287
-7.17296e-05,-3.055276349187
-7.17228e-05,-3.119597956546
-7.1716e-05,-3.095477353774
-7.17092e-05,-3.071356751032
-7.17024e-05,-3.063316550098
-7.16956e-05,-3.055276349187
-7.16888e-05,-3.167839162036
-7.1682e-05,-3.216080367565
-7.16752e-05,-3.047236148244
-7.16684e-05,-3.071356751009
-7.16616e-05,-3.127638157449
-7.16548e-05,-3.119597956546
-7.1648e-05,-3.095477353774
-7.16412e-05,-3.11959795653
-7.16344e-05,-3.055276349187
-7.16276e-05,-3.055276349187
-7.16208e-05,-3.143718559271
-7.1614e-05,-3.055276349195
-7.16072e-05,-3.079396951936
-7.16004e-05,-3.135678358376
-7.15936e-05,-3.063316550114
-7.15868e-05,-3.135678358376
-7.158e-05,-3.055276349187
-7.15732e-05,-3.135678358376
-7.15664e-05,-3.135678358376
-7.15596e-05,-3.135678358376
-7.15528e-05,-3.1919597648
-7.1546e-05,-3.135678358376
-7.15392e-05,-3.079396951935
-7.15324e-05,-3.119597956555
-7.15256e-05,-3.055276349187
-7.15188e-05,-3.055276349187
-7.1512e-05,-3.09547735379
-7.15052e-05,-3.039195947341
-7.14984e-05,-3.191959764834
-7.14916e-05,-3.039195947375
-7.14848e-05,-3.055276349187
-7.1478e-05,-3.055276349187
-7.14712e-05,-3.167839162069
-7.14644e-05,-3.135678358376
-7.14576e-05,-3.047236148259
-7.14508e-05,-2.974874339998
-7.1444e-05,-3.015075344601
-7.14372e-05,-2.974874339998
-7.14304e-05,-2.974874339998
-7.14236e-05,-2.974874339998
-7.14168e-05,-2.998994942763
-7.141e-05,-2.974874339998
-7.14032e-05,-2.918592933556
-7.13964e-05,-2.974874339998
-7.13896e-05,-2.974874339998
-7.13828e-05,-2.910552732637
-7.1376e-05,-3.015075344601
-7.13692e-05,-2.830150723466
-7.13624e-05,-2.894472330809
-7.13556e-05,-2.894472330809
-7.13488e-05,-2.9025125317
-7.1342e-05,-2.894472330818
-7.13352e-05,-2.918592933556
-7.13284e-05,-2.974874339998
-7.13216e-05,-2.974874339998
-7.13148e-05,-2.910552732637
-7.1308e-05,-2.974874339979
-7.13012e-05,-2.926633134503
-7.12944e-05,-2.910552732628
-7.12876e-05,-2.910552732665
-7.12808e-05,-2.918592933575
-7.1274e-05,-2.894472330809
-7.12672e-05,-2.950753737251
-7.12604e-05,-2.958793938179
-7.12536e-05,-2.894472330809
-7.12468e-05,-2.894472330809
-7.124e-05,-3.015075344564
-7.12332e-05,-2.765829116125
-7.12264e-05,-2.966834139089
-7.12196e-05,-2.942713536332
-7.12128e-05,-2.838190924386
-7.1206e-05,-2.894472330663
-7.11992e-05,-0.112562812592
-7.11924e-05,1.431155763586
-7.11856e-05,1.382914558073
-7.11788e-05,1.527638174593
-7.1172e-05,1.567839179178
-7.11652e-05,1.672361791124
-7.11584e-05,1.608040183783
-7.11516e-05,1.720602996637
-7.11448e-05,1.608040183783
-7.1138e-05,1.768844202161
-7.11312e-05,1.825125608603
-7.11244e-05,1.688442192972
-7.11176e-05,1.77688440309
-7.11108e-05,1.784924603989
-7.1104e-05,1.768844202141
-7.10972e-05,1.688442192972
-7.10904e-05,1.760804001252
-7.10836e-05,1.84924621135
-7.10768e-05,1.84924621135
-7.107e-05,1.84924621136
-7.10632e-05,1.929648220539
-7.10564e-05,1.961809024225
-7.10496e-05,1.929648220539
-7.10428e-05,2.058291435262
-7.1036e-05,1.969849225123
-7.10292e-05,1.945728622387
-7.10224e-05,2.010050229728
-7.10156e-05,1.961809024204
-7.10088e-05,2.042211033383
-7.1002e-05,2.090452238896
-7.09952e-05,1.985929626982
-7.09884e-05,2.122613042604
-7.09816e-05,2.154773846247
-7.09748e-05,2.07437183709
-7.0968e-05,2.130653243501
-7.09612e-05,2.138693444409
-7.09544e-05,2.15477384629
-7.09476e-05,2.106532640777
-7.09408e-05,2.122613042571
-7.0934e-05,2.010050229728
-7.09272e-05,2.122613042615
-7.09204e-05,2.219095453609
-7.09136e-05,2.227135654506
-7.09068e-05,2.07437183709
-7.09e-05,1.969849225123
-7.08932e-05,1.993969827879
-7.08864e-05,2.074371837102
-7.08796e-05,2.090452238917
-7.08728e-05,2.058291435264
-7.0866e-05,2.090452238917
-7.08592e-05,2.203015051804
-7.08524e-05,2.13869344442
-7.08456e-05,2.082412037987
-7.08388e-05,2.138693444453
-7.0832e-05,2.010050229683
-7.08252e-05,1.897487416897
-7.08184e-05,1.945728622354
-7.08116e-05,1.913567818679
-7.08048e-05,1.334673352222
-7.0798e-05,-1.768844202195
-7.07912e-05,-2.122613042616
-7.07844e-05,-2.251256257296
-7.07776e-05,-2.404020074744
-7.07708e-05,-2.267336659122
-7.0764e-05,-2.331658266485
-7.07572e-05,-2.154773846257
-7.07504e-05,-2.235175855481
-7.07436e-05,-2.186934649967
-7.07368e-05,-2.12261304257
-7.073e-05,-2.010050229728
-7.07232e-05,-2.010050229728
-7.07164e-05,-2.026130631543
-7.07096e-05,-2.010050229728
-7.07028e-05,-1.945728622365
-7.0696e-05,-1.969849225145
-7.06892e-05,-1.8653266132
-7.06824e-05,-1.929648220539
-7.06756e-05,-1.945728622401
-7.06688e-05,-2.002010028845
-7.0662e-05,-1.929648220527
-7.06552e-05,-1.84924621135
-7.06484e-05,-1.897487416851
-7.06416e-05,-1.913567818677
-7.06348e-05,-1.768844202161
-7.0628e-05,-1.969849225146
-7.06212e-05,-1.897487416839
-7.06144e-05,-1.841206010443
-7.06076e-05,-1.768844202161
-7.06008e-05,-1.688442192972
-7.0594e-05,-1.688442192972
-7.05872e-05,-1.857286412306
-7.05804e-05,-1.768844202161
-7.05736e-05,-1.752763800298
-7.05668e-05,-1.73668339851
-7.056e-05,-1.768844202161
-7.05532e-05,-1.897487416839
-7.05464e-05,-1.696482393878
-7.05396e-05,-1.768844202161
-7.05328e-05,-1.73668339851
-7.0526e-05,-1.768844202161
-7.05192e-05,-1.825125608606
-7.05124e-05,-1.768844202161
-7.05056e-05,-1.696482393903
-7.04988e-05,-1.704522594797
-7.0492e-05,-1.768844202161
-7.04852e-05,-1.640200987483
-7.04784e-05,-1.696482393878
-7.04716e-05,-1.608040183783
-7.04648e-05,-1.656281389321
-7.0458e-05,-1.688442192984
-7.04512e-05,-1.712562795716
-7.04444e-05,-1.688442192972
-7.04376e-05,-1.688442192972
-7.04308e-05,-1.559798978243
-7.0424e-05,-1.407035160823
-7.04172e-05,-1.463316567255
-7.04104e-05,-1.527638174593
-7.04036e-05,-1.656281389309
-7.03968e-05,-1.656281389322
-7.039e-05,-1.768844202187
-7.03832e-05,-1.929648220539
-7.03764e-05,-1.993969827917
-7.03696e-05,-2.170854248106
-7.03628e-05,-2.299497462835
-7.0356e-05,-2.291457261903
-7.03492e-05,-2.299497462849
-7.03424e-05,-2.42010047658
-7.03356e-05,-2.492462284863
-7.03288e-05,-2.596984896822
-7.0322e-05,-2.653266303228
-7.03152e-05,-2.572864294052
-7.03084e-05,-2.73366831243
-7.03016e-05,-2.73366831243
-7.02948e-05,-2.797989919795
-7.0288e-05,-2.81407032162
-7.02812e-05,-2.765829116133
-7.02744e-05,-2.677386905958
-7.02676e-05,-2.862311527146
-7.02608e-05,-2.894472330809
-7.0254e-05,-2.81407032162
-7.02472e-05,-2.870351728065
-7.02404e-05,-3.007035143687
-7.02336e-05,-2.990954741863
-7.02268e-05,-3.007035143646
-7.022e-05,-2.894472330809
-7.02132e-05,-2.974874339998
-7.02064e-05,-3.047236148282
-7.01996e-05,-3.007035143728
-7.01928e-05,-3.111557755605
-7.0186e-05,-3.055276349173
-7.01792e-05,-3.031155746444
-7.01724e-05,-3.055276349187
-7.01656e-05,-2.982914540931
-7.01588e-05,-3.119597956552
-7.0152e-05,-3.055276349187
-7.01452e-05,-3.087437152821
-7.01384e-05,-3.183919563946
-7.01316e-05,-3.071356751053
-7.01248e-05,-3.111557755605
-7.0118e-05,-3.055276349201
-7.01112e-05,-3.07939695193
-7.01044e-05,-3.135678358376
-7.00976e-05,-3.135678358376
-7.00908e-05,-3.071356751011
-7.0084e-05,-3.095477353739
-7.00772e-05,-3.135678358376
-7.00704e-05,-3.135678358376
-7.00636e-05,-3.103517554715
-7.00568e-05,-3.111557755605
-7.005e-05,-3.055276349201
-7.00432e-05,-3.079396951929
-7.00364e-05,-3.087437152877
-7.00296e-05,-3.055276349187
-7.00228e-05,-3.183919563918
-7.0016e-05,-3.175879362956
-7.00092e-05,-3.183919563933
-7.00024e-05,-3.232160769374
-6.99956e-05,-3.135678358376
-6.99888e-05,-3.22412056844
-6.9982e-05,-3.216080367565
-6.99752e-05,-3.216080367565
-6.99684e-05,-3.103517554686
-6.99616e-05,-3.071356751054
-6.99548e-05,-3.151758760199
-6.9948e-05,-3.135678358376
-6.99412e-05,-3.119597956523
-6.99344e-05,-2.982914540902
-6.99276e-05,-3.087437152848
-6.99208e-05,-3.055276349187
-6.9914e-05,-3.055276349172
-6.99072e-05,-3.087437152892
-6.99004e-05,-3.055276349187
-6.98936e-05,-3.055276349187
-6.98868e-05,-3.119597956553
-6.988e-05,-2.974874339998
-6.98732e-05,-3.119597956523
-6.98664e-05,-2.982914540902
-6.98596e-05,-3.055276349187
-6.98528e-05,-3.055276349187
-6.9846e-05,-2.974874339998
-6.98392e-05,-2.974874339998
-6.98324e-05,-3.023115545496
-6.98256e-05,-2.982914540932
-6.98188e-05,-2.99095474182
-6.9812e-05,-2.974874340028
-6.98052e-05,-3.055276349187
-6.97984e-05,-3.127638157473
-6.97916e-05,-3.023115545527
-6.97848e-05,-3.031155746415
-6.9778e-05,-2.974874339967
-6.97712e-05,-2.81407032162
-6.97644e-05,-2.990954741805
-6.97576e-05,-2.902512531743
-6.97508e-05,-2.846231125264
-6.9744e-05,-2.974874339998
-6.97372e-05,-3.007035143627
-6.97304e-05,-2.81407032162
-6.97236e-05,-2.894472330809
-6.97168e-05,-2.942713536354
-6.971e-05,-2.974874339998
-6.97032e-05,-3.087437152894
-6.96964e-05,-3.007035143689
-6.96896e-05,-3.119597956507
-6.96828e-05,-2.974874339998
-6.9676e-05,-2.974874339966
-6.96692e-05,-2.926633134516
-6.96624e-05,-3.055276349187
-6.96556e-05,-2.974874339998
-6.96488e-05,-2.894472330809
-6.9642e-05,-2.974874340014
-6.96352e-05,-2.998994942738
-6.96284e-05,-3.055276349187
-6.96216e-05,-3.055276349187
-6.96148e-05,-2.926633134452
-6.9608e-05,-2.934673335419
-6.96012e-05,-2.846231125328
-6.95944e-05,-2.830150723425
-6.95876e-05,-2.926633134468
-6.95808e-05,-2.926633134452
-6.9574e-05,-2.894472330809
-6.95672e-05,-2.894472330809
-6.95604e-05,-2.846231125312
-6.95536e-05,-2.958793938127
-6.95468e-05,-2.942713536355
-6.954e-05,-2.934673335387
-6.95332e-05,-2.974874339998
-6.95264e-05,-2.974874339998
-6.95196e-05,-3.023115545528
-6.95128e-05,-2.974874339998
-6.9506e-05,-2.894472330825
-6.94992e-05,-2.918592933549
-6.94924e-05,-2.926633134501
-6.94856e-05,-2.894472330809
-6.94788e-05,-2.894472330809
-6.9472e-05,-2.934673335387
-6.94652e-05,-2.958793938143
-6.94584e-05,-2.966834139096
-6.94516e-05,-2.990954741869
-6.94448e-05,-2.894472330809
-6.9438e-05,-3.055276349153
-6.94312e-05,-2.838190924359
-6.94244e-05,-2.926633134501
-6.94176e-05,-3.111557755569
-6.94108e-05,-3.023115545545
-6.9404e-05,-2.974874339998
-6.93972e-05,-2.958793938143
-6.93904e-05,-3.039195947383
-6.93836e-05,-3.087437152846
-6.93768e-05,-2.918592933582
-6.937e-05,-2.974874339998
-6.93632e-05,-2.974874339998
-6.93564e-05,-2.942713536305
-6.93496e-05,-2.966834139062
-6.93428e-05,-2.894472330809
-6.9336e-05,-2.934673335386
-6.93292e-05,-2.974874339998
-6.93224e-05,-2.974874339998
-6.93156e-05,-2.99095474187
-6.93088e-05,-2.974874339998
-6.9302e-05,-2.894472330809
-6.92952e-05,-2.838190924359
-6.92884e-05,-2.974874339998
-6.92816e-05,-3.055276349187
-6.92748e-05,-3.055276349187
-6.9268e-05,-3.01507534461
-6.92612e-05,-3.023115545476
-6.92544e-05,-2.966834139096
-6.92476e-05,-2.94271353634
-6.92408e-05,-2.886432129943
-6.9234e-05,-2.974874340015
-6.92272e-05,-3.055276349187
-6.92204e-05,-2.9909547418
-6.92136e-05,-2.982914540934
-6.92068e-05,-3.055276349187
-6.92e-05,-2.974874340033
-6.91932e-05,-3.055276349187
-6.91864e-05,-3.055276349187
-6.91796e-05,-2.974874339998
-6.91728e-05,-2.974874339998
-6.9166e-05,-2.894472330809
-6.91592e-05,-2.950753737259
-6.91524e-05,-3.039195947385
-6.91456e-05,-3.063316550124
-6.91388e-05,-2.942713536268
-6.9132e-05,-2.974874340034
-6.91252e-05,-3.103517554664
-6.91184e-05,-2.974874339998
-6.91116e-05,-3.023115545529
-6.91048e-05,-2.862311527169
-6.9098e-05,-2.894472330863
-6.90912e-05,-2.966834139024
-6.90844e-05,-3.039195947386
-6.90776e-05,-2.902512531746
-6.90708e-05,-2.974874339998
-6.9064e-05,-2.974874339998
-6.90572e-05,-2.974874339998
-6.90504e-05,-2.974874339998
-6.90436e-05,-2.958793938123
-6.90368e-05,-2.998994942773
-6.903e-05,-2.974874340016
-6.90232e-05,-3.055276349187
-6.90164e-05,-2.942713536304
-6.90096e-05,-3.047236148249
-6.90028e-05,-2.910552732628
-6.8996e-05,-2.974874339961
-6.89892e-05,-3.007035143711
-6.89824e-05,-2.990954741798
-6.89756e-05,-2.942713536341
-6.89688e-05,-2.894472330809
-6.8962e-05,-2.894472330809
-6.89552e-05,-3.063316550162
-6.89484e-05,-2.942713536303
-6.89416e-05,-2.982914540936
-6.89348e-05,-2.990954741817
-6.8928e-05,-2.974874339998
-6.89212e-05,-2.974874339998
-6.89144e-05,-2.974874339998
-6.89076e-05,-2.974874339998
-6.89008e-05,-2.974874339998
-6.8894e-05,-2.974874340017
-6.88872e-05,-3.055276349187
-6.88804e-05,-2.910552732608
-6.88736e-05,-3.1195979565
-6.88668e-05,-2.781909517886
-6.886e-05,-2.934673335422
-6.88532e-05,-2.974874339998
-6.88464e-05,-2.902512531708
-6.88396e-05,-3.087437152843
-6.88328e-05,-3.031155746411
-6.8826e-05,-2.974874339978
-6.88192e-05,-3.007035143712
-6.88124e-05,-3.007035143693
-6.88056e-05,-2.974874339998
-6.87988e-05,-2.910552732627
-6.8792e-05,-2.894472330809
-6.87852e-05,-2.974874339998
-6.87784e-05,-3.047236148287
-6.87716e-05,-3.007035143654
-6.87648e-05,-2.974874339998
-6.8758e-05,-2.974874340037
-6.87512e-05,-2.96683413902
-6.87444e-05,-2.894472330809
-6.87376e-05,-2.966834139059
-6.87308e-05,-2.95879393818
-6.8724e-05,-2.974874339998
-6.87172e-05,-2.910552732666
-6.87104e-05,-2.974874339998
-6.87036e-05,-2.894472330809
-6.86968e-05,-2.942713536362
-6.869e-05,-3.055276349167
-6.86832e-05,-3.087437152902
-6.86764e-05,-2.942713536302
-6.86696e-05,-2.765829116186
-6.86628e-05,-2.990954741816
-6.8656e-05,-2.974874339998
-6.86492e-05,-2.926633134524
-6.86424e-05,-2.982914540897
-6.86356e-05,-3.023115545531
-6.86288e-05,-3.055276349187
-6.8622e-05,-2.974874339998
-6.86152e-05,-3.03115574645
-6.86084e-05,-2.942713536302
-6.86016e-05,-2.894472330809
-6.85948e-05,-2.830150723437
-6.8588e-05,-2.934673335383
-6.85812e-05,-2.942713536282
-6.85744e-05,-2.88643212991
-6.85676e-05,-3.03919594741
-6.85608e-05,-2.998994942775
-6.8554e-05,-2.974874340018
-6.85472e-05,-2.998994942734
-6.85404e-05,-2.942713536302
-6.85336e-05,-2.894472330809
-6.85268e-05,-3.023115545552
-6.852e-05,-3.015075344613
-6.85132e-05,-3.103517554659
-6.85064e-05,-2.974874339998
-6.84996e-05,-2.974874339998
-6.84928e-05,-2.918592933586
-6.8486e-05,-2.814070321681
-6.84792e-05,-2.998994942734
-6.84724e-05,-2.894472330809
-6.84656e-05,-3.055276349187
-6.84588e-05,-2.926633134443
-6.8452e-05,-3.015075344572
-6.84452e-05,-2.926633134526
-6.84384e-05,-3.055276349187
-6.84316e-05,-2.894472330809
-6.84248e-05,-2.918592933586
-6.8418e-05,-2.974874339998
-6.84112e-05,-2.974874339998
-6.84044e-05,-2.958793938202
-6.83976e-05,-3.119597956496
-6.83908e-05,-2.910552732625
-6.8384e-05,-2.974874339998
-6.83772e-05,-2.958793938139
-6.83704e-05,-2.894472330809
-6.83636e-05,-2.926633134463
-6.83568e-05,-2.894472330809
-6.835e-05,-2.89447233083
-6.83432e-05,-2.974874339998
-6.83364e-05,-3.071356750982
-6.83296e-05,-2.958793938117
-6.83228e-05,-2.749748714247
-6.8316e-05,-3.015075344571
-6.83092e-05,-2.894472330809
-6.83024e-05,-2.894472330809
-6.82956e-05,-2.878391928928
-6.82888e-05,-2.894472330809
-6.8282e-05,-2.974874339976
-6.82752e-05,-2.950753737263
-6.82684e-05,-3.119597956474
-6.82616e-05,-2.966834139057
-6.82548e-05,-2.958793938182
-6.8248e-05,-2.974874339998
-6.82412e-05,-2.974874339998
-6.82344e-05,-2.902512531706
-6.82276e-05,-3.055276349187
-6.82208e-05,-2.950753737219
-6.8214e-05,-2.894472330809
-6.82072e-05,-2.894472330809
-6.82004e-05,-2.990954741792
-6.81936e-05,-2.838190924442
-6.81868e-05,-2.990954741814
-6.818e-05,-3.01507534457
-6.81732e-05,-2.878391928949
-6.81664e-05,-3.031155746496
-6.81596e-05,-2.926633134462
-6.81528e-05,-2.974874339998
-6.8146e-05,-2.974874339976
-6.81392e-05,-3.007035143718
-6.81324e-05,-3.055276349187
-6.81256e-05,-2.894472330809
-6.81188e-05,-3.023115545556
-6.8112e-05,-3.01507534457
-6.81052e-05,-3.007035143718
-6.80984e-05,-2.990954741791
-6.80916e-05,-2.926633134462
-6.80848e-05,-3.063316550039
-6.8078e-05,-2.974874339975
-6.80712e-05,-2.894472330809
-6.80644e-05,-2.926633134507
-6.80576e-05,-2.958793938115
-6.80508e-05,-2.942713536367
-6.8044e-05,-2.934673335426
-6.80372e-05,-2.894472330809
-6.80304e-05,-2.966834139101
-6.80236e-05,-2.974874339998
-6.80168e-05,-2.894472330809
-6.801e-05,-3.135678358308
-6.80032e-05,-2.950753737264
-6.79964e-05,-2.958793938092
-6.79896e-05,-2.966834139056
-6.79828e-05,-2.958793938183
-6.7976e-05,-2.894472330854
-6.79692e-05,-2.94271353639
-6.79624e-05,-2.99095474179
-6.79556e-05,-2.958793938114
-6.79488e-05,-2.974874339998
-6.7942e-05,-2.974874339998
-6.79352e-05,-2.918592933543
-6.79284e-05,-2.894472330809
-6.79216e-05,-2.966834139056
-6.79148e-05,-2.894472330809
-6.7908e-05,-3.055276349187
-6.79012e-05,-2.92663313453
-6.78944e-05,-2.982914540894
-6.78876e-05,-2.974874339998
-6.78808e-05,-3.031155746407
-6.7874e-05,-2.974874339998
-6.78672e-05,-3.087437152909
-6.78604e-05,-2.942713536299
-6.78536e-05,-3.039195947303
-6.78468e-05,-2.958793938183
-6.784e-05,-2.854271326191
-6.78332e-05,-2.91055273267
-6.78264e-05,-3.047236148291
-6.78196e-05,-2.974874339998
-6.78128e-05,-3.055276349187
-6.7806e-05,-3.055276349164
-6.77992e-05,-2.918592933542
-6.77924e-05,-2.894472330809
-6.77856e-05,-2.974874339998
-6.77788e-05,-2.974874339998
-6.7772e-05,-3.015075344663
-6.77652e-05,-2.91055273267
-6.77584e-05,-2.974874339998
-6.77516e-05,-2.958793938113
-6.77448e-05,-2.942713536369
-6.7738e-05,-2.974874339998
-6.77312e-05,-2.974874339998
-6.77244e-05,-2.942713536298
-6.77176e-05,-2.98291454094
-6.77108e-05,-2.862311527062
-6.7704e-05,-2.934673335427
-6.76972e-05,-2.926633134532
-6.76904e-05,-2.910552732599
-6.76836e-05,-3.00703514365
-6.76768e-05,-2.950753737217
-6.767e-05,-3.055276349187
-6.76632e-05,-2.998994942731
-6.76564e-05,-2.942713536298
-6.76496e-05,-2.894472330809
-6.76428e-05,-2.958793938184
-6.7636e-05,-2.934673335379
-6.76292e-05,-2.910552732671
-6.76224e-05,-2.974874339998
-6.76156e-05,-3.151758760262
-6.76088e-05,-2.974874339998
-6.7602e-05,-3.055276349187
-6.75952e-05,-2.99899494273
-6.75884e-05,-2.942713536298
-6.75816e-05,-2.974874339998
-6.75748e-05,-3.039195947373
-6.7568e-05,-2.89447233076
-6.75612e-05,-2.894472330809
-6.75544e-05,-2.894472330809
-6.75476e-05,-2.92663313446
-6.75408e-05,-2.998994942779
-6.7534e-05,-2.974874339998
-6.75272e-05,-3.031155746455
-6.75204e-05,-2.894472330809
-6.75136e-05,-2.902512531752
-6.75068e-05,-2.974874339998
-6.75e-05,-2.974874340047
-6.74932e-05,-3.087437152789
-6.74864e-05,-3.039195947398
-6.74796e-05,-2.974874339998
-6.74728e-05,-2.942713536372
-6.7466e-05,-3.055276349162
-6.74592e-05,-2.918592933541
-6.74524e-05,-2.942713536297
-6.74456e-05,-2.894472330809
-6.74388e-05,-3.087437152937
-6.7432e-05,-3.055276349187
-6.74252e-05,-2.894472330809
-6.74184e-05,-2.894472330809
-6.74116e-05,-3.055276349187
-6.74048e-05,-2.990954741936
-6.7398e-05,-2.974874340023
-6.73912e-05,-3.055276349187
-6.73844e-05,-2.926633134509
-6.73776e-05,-2.886432129865
-6.73708e-05,-2.878391928996
-6.7364e-05,-2.934673335428
-6.73572e-05,-3.087437152787
-6.73504e-05,-3.111557755695
-6.73436e-05,-2.910552732571
-6.73368e-05,-3.031155746405
-6.733e-05,-2.894472330834
-6.73232e-05,-2.974874339998
-6.73164e-05,-2.974874339998
-6.73096e-05,-2.974874339998
-6.73028e-05,-2.910552732621
-6.7296e-05,-3.095477353756
-6.72892e-05,-2.990954741861
-6.72824e-05,-2.982914540891
-6.72756e-05,-3.007035143648
-6.72688e-05,-2.918592933591
-6.7262e-05,-2.974874339972
-6.72552e-05,-3.007035143725
-6.72484e-05,-2.958793938211
-6.72416e-05,-2.966834139053
-6.72348e-05,-2.765829116055
-6.7228e-05,-2.89447233086
-6.72212e-05,-3.183919563838
-6.72144e-05,-2.982914540891
-6.72076e-05,-2.974874339998
-6.72008e-05,0.120603014171
-6.7194e-05,1.206030137914
-6.71872e-05,1.447236165404
-6.71804e-05,1.527638174593
-6.71736e-05,1.39095475905
-6.71668e-05,1.608040183783
-6.716e-05,1.72864319754
-6.71532e-05,1.64020098751
-6.71464e-05,1.624120585568
-6.71396e-05,1.656281389322
-6.71328e-05,1.632160786565
-6.7126e-05,1.849246211298
-6.71192e-05,1.74472359943
-6.71124e-05,1.688442192972
-6.71056e-05,1.624120585673
-6.70988e-05,1.704522594783
-6.7092e-05,1.768844202161
-6.70852e-05,1.881407015078
-6.70784e-05,1.792964804839
-6.70716e-05,1.89748741689
-6.70648e-05,2.010050229728
-6.7058e-05,1.929648220592
-6.70512e-05,1.977889426
-6.70444e-05,2.122613042619
-6.70376e-05,1.993969827837
-6.70308e-05,1.84924621135
-6.7024e-05,2.010050229728
-6.70172e-05,2.010050229728
-6.70104e-05,2.010050229728
-6.70036e-05,2.026130631619
-6.69968e-05,2.170854248106
-6.699e-05,2.090452238917
-6.69832e-05,2.034170832458
-6.69764e-05,2.106532640702
-6.69696e-05,2.018090430674
-6.69628e-05,2.154773846295
-6.6956e-05,2.05025123435
-6.69492e-05,2.106532640782
-6.69424e-05,2.170854248106
-6.69356e-05,2.138693444458
-6.69288e-05,2.114572841701
-6.6922e-05,2.090452238917
-6.69152e-05,2.090452238917
-6.69084e-05,2.138693444404
-6.69016e-05,2.034170832566
-6.68948e-05,2.186934649917
-6.6888e-05,2.211055252674
-6.68812e-05,2.235175855431
-6.68744e-05,2.098492439809
-6.68676e-05,2.331658266485
-6.68608e-05,2.259296458133
-6.6854e-05,2.090452238999
-6.68472e-05,2.219095453565
-6.68404e-05,2.138693444404
-6.68336e-05,2.018090430674
-6.68268e-05,2.026130631539
-6.682e-05,1.929648220539
-6.68132e-05,2.026130631593
-6.68064e-05,1.656281389132
-6.67996e-05,-1.608040184057
-6.67928e-05,-2.299497462864
-6.6786e-05,-2.331658266512
-6.67792e-05,-2.355778869214
-6.67724e-05,-2.331658266485
-6.67656e-05,-2.251256257296
-6.67588e-05,-2.251256257296
-6.6752e-05,-2.090452238917
-6.67452e-05,-2.138693444376
-6.67384e-05,-2.082412038026
-6.67316e-05,-2.042211033376
-6.67248e-05,-2.010050229728
-6.6718e-05,-2.010050229673
-6.67112e-05,-1.90552761781
-6.67044e-05,-1.961809024243
-6.66976e-05,-1.921608019592
-6.66908e-05,-2.042211033487
-6.6684e-05,-1.929648220539
-6.66772e-05,-1.929648220539
-6.66704e-05,-1.929648220539
-6.66636e-05,-1.801005005809
-6.66568e-05,-1.929648220539
-6.665e-05,-1.929648220483
-6.66432e-05,-1.768844202161
-6.66364e-05,-1.784924604083
-6.66296e-05,-1.897487416751
-6.66228e-05,-1.736683398541
-6.6616e-05,-1.929648220539
-6.66092e-05,-1.704522594838
-6.66024e-05,-1.768844202161
-6.65956e-05,-1.801005005808
-6.65888e-05,-1.825125608565
-6.6582e-05,-1.929648220511
-6.65752e-05,-1.792964804889
-6.65684e-05,-1.84924621135
-6.65616e-05,-1.913567818645
-6.65548e-05,-1.833165809541
-6.6548e-05,-1.768844202104
-6.65412e-05,-1.817085407617
-6.65344e-05,-1.76080400127
-6.65276e-05,-1.768844202161
-6.65208e-05,-1.688442192972
-6.6514e-05,-1.768844202189
-6.65072e-05,-1.792964804889
-6.65004e-05,-1.688442192972
-6.64936e-05,-1.61608038473
-6.64868e-05,-1.688442192972
-6.648e-05,-1.728643197595
-6.64732e-05,-1.752763800294
-6.64664e-05,-1.760804001271
-6.64596e-05,-1.801005005808
-6.64528e-05,-1.825125608564
-6.6446e-05,-1.929648220481
-6.64392e-05,-1.656281389238
-6.64324e-05,-1.559798978298
-6.64256e-05,-1.447236165404
-6.64188e-05,-1.447236165404
-6.6412e-05,-1.527638174651
-6.64052e-05,-1.624120585649
-6.63984e-05,-1.760804001271
-6.63916e-05,-1.768844202161
-6.63848e-05,-2.010050229728
-6.6378e-05,-2.090452238888
-6.63712e-05,-2.122613042651
-6.63644e-05,-2.203015051665
-6.63576e-05,-2.323618065537
-6.63508e-05,-2.379899472057
-6.6344e-05,-2.412060275674
-6.63372e-05,-2.556783892185
-6.63304e-05,-2.637185901462
-6.63236e-05,-2.588944695949
-6.63168e-05,-2.709547709644
-6.631e-05,-2.653266303271
-6.63032e-05,-2.789949718892
-6.62964e-05,-2.717587910651
-6.62896e-05,-2.81407032162
-6.62828e-05,-2.942713536381
-6.6276e-05,-2.81407032156
-6.62692e-05,-2.797989919752
-6.62624e-05,-2.73366831243
-6.62556e-05,-2.846231125266
-6.62488e-05,-2.950753737211
-6.6242e-05,-3.055276349157
-6.62352e-05,-2.918592933536
-6.62284e-05,-2.974874339998
-6.62216e-05,-2.910552732706
-6.62148e-05,-3.055276349187
-6.6208e-05,-2.974874339998
-6.62012e-05,-3.039195947319
-6.61944e-05,-2.974874339998
-6.61876e-05,-3.087437152833
-6.61808e-05,-2.998994942784
-6.6174e-05,-2.974874339998
-6.61672e-05,-3.087437152922
-6.61604e-05,-3.071356750965
-6.61536e-05,-2.982914540947
-6.61468e-05,-3.119597956568
-6.614e-05,-3.055276349187
-6.61332e-05,-3.119597956508
-6.61264e-05,-2.982914540887
-6.61196e-05,-3.103517554731
-6.61128e-05,-3.135678358376
-6.6106e-05,-3.135678358346
-6.60992e-05,-3.11155775565
-6.60924e-05,-3.055276349187
-6.60856e-05,-3.055276349187
-6.60788e-05,-3.119597956569
-6.6072e-05,-3.095477353812
-6.60652e-05,-3.183919563829
-6.60584e-05,-3.055276349187
-6.60516e-05,-3.055276349187
-6.60448e-05,-3.296482376754
-6.6038e-05,-3.135678358376
-6.60312e-05,-3.135678358376
-6.60244e-05,-3.135678358376
-6.60176e-05,-3.063316550136
-6.60108e-05,-3.071356750994
-6.6004e-05,-3.25628137219
-6.59972e-05,-3.264321573017
-6.59904e-05,-3.208040166677
-6.59836e-05,-3.055276349187
-6.59768e-05,-3.272361773967
-6.597e-05,-3.135678358407
-6.59632e-05,-3.103517554639
-6.59564e-05,-3.151758760152
-6.59496e-05,-3.280401974855
-6.59428e-05,-3.071356750994
-6.5936e-05,-3.095477353751
-6.59292e-05,-3.087437152924
-6.59224e-05,-3.143718559264
-6.59156e-05,-3.167839162021
-6.59088e-05,-3.087437152801
-6.5902e-05,-3.055276349218
-6.58952e-05,-3.191959764839
-6.58884e-05,-2.942713536291
-6.58816e-05,-3.063316550137
-6.58748e-05,-3.135678358376
-6.5868e-05,-3.015075344561
-6.58612e-05,-3.055276349187
-6.58544e-05,-3.127638157488
-6.58476e-05,-3.103517554732
-6.58408e-05,-2.998994942786
-6.5834e-05,-2.974874340029
-6.58272e-05,-2.998994942723
-6.58204e-05,-3.007035143705
-6.58136e-05,-2.974874339998
-6.58068e-05,-2.974874339998
-6.58e-05,-2.974874340061
-6.57932e-05,-3.039195947318
-6.57864e-05,-2.902512531696
-6.57796e-05,-2.862311527165
-6.57728e-05,-2.950753737209
-6.5766e-05,-2.974874340029
-6.57592e-05,-2.998994942723
-6.57524e-05,-2.894472330809
-6.57456e-05,-2.902512531759
-6.57388e-05,-2.974874339998
-6.5732e-05,-2.974874340061
-6.57252e-05,-2.974874339998
-6.57184e-05,-2.974874339998
-6.57116e-05,-2.974874339998
-6.57048e-05,-3.031155746398
-6.5698e-05,-2.894472330777
-6.56912e-05,-2.870351728084
-6.56844e-05,-2.846231125327
-6.56776e-05,-2.878391928907
-6.56708e-05,-2.92663313458
-6.5664e-05,-2.894472330809
-6.56572e-05,-3.023115545447
-6.56504e-05,-2.894472330809
-6.56436e-05,-2.73366831243
-6.56368e-05,-2.894472330809
-6.563e-05,-2.974874339934
-6.56232e-05,-2.982914541013
-6.56164e-05,-2.846231125327
-6.56096e-05,-2.958793938096
-6.56028e-05,-2.878391929003
-6.5596e-05,-2.894472330809
-6.55892e-05,-2.765829116171
-6.55824e-05,-2.894472330809
-6.55756e-05,-2.942713536354
-6.55688e-05,-2.81407032162
-6.5562e-05,-3.05527634909
-6.55552e-05,-2.81407032162
-6.55484e-05,-2.926633134517
-6.55416e-05,-2.966834139046
-6.55348e-05,-2.958793938192
-6.5528e-05,-2.854271326182
-6.55212e-05,-2.942713536257
-6.55144e-05,-2.958793938225
-6.55076e-05,-2.894472330809
-6.55008e-05,-2.81407032162
-6.5494e-05,-2.81407032162
-6.54872e-05,-2.870351728085
-6.54804e-05,-2.974874339998
-6.54736e-05,-2.966834139046
-6.54668e-05,-2.894472330809
-6.546e-05,-3.015075344625
-6.54532e-05,-2.942713536256
-6.54464e-05,-2.958793938226
-6.54396e-05,-2.958793938094
-6.54328e-05,-2.974874339998
-6.5426e-05,-2.894472330842
-6.54192e-05,-3.031155746463
-6.54124e-05,-2.974874339998
-6.54056e-05,-2.894472330809
-6.53988e-05,-2.958793938193
-6.5392e-05,-2.93467333537
-6.53852e-05,-3.023115545445
-6.53784e-05,-3.039195947415
-6.53716e-05,-3.103517554734
-6.53648e-05,-2.918592933599
-6.5358e-05,-2.974874339998
-6.53512e-05,-2.918592933532
-6.53444e-05,-2.926633134518
-6.53376e-05,-2.894472330809
-6.53308e-05,-2.958793938193
-6.5324e-05,-3.055276349254
-6.53172e-05,-2.974874339998
-6.53104e-05,-3.047236148301
-6.53036e-05,-2.974874339998
-6.52968e-05,-2.950753737208
-6.529e-05,-2.974874339998
-6.52832e-05,-2.918592933532
-6.52764e-05,-2.926633134518
-6.52696e-05,-3.047236148234
-6.52628e-05,-2.974874339998
-6.5256e-05,-3.055276349187
-6.52492e-05,-3.103517554633
-6.52424e-05,-3.119597956606
-6.52356e-05,-2.990954741903
-6.52288e-05,-2.96683413918
-6.5222e-05,-2.894472330775
-6.52152e-05,-2.870351728086
-6.52084e-05,-2.637185901133
-6.52016e-05,-0.281407031654
-6.51948e-05,1.318592950973
-6.5188e-05,1.608040183783
-6.51812e-05,1.527638174593
-6.51744e-05,1.599999982898
-6.51676e-05,1.65628138933
-6.51608e-05,1.712562795762
-6.5154e-05,1.849246211316
-6.51472e-05,1.768844202161
-6.51404e-05,1.672361791202
-6.51336e-05,1.768844202161
-6.51268e-05,1.833165809546
-6.512e-05,1.728643197464
-6.51132e-05,1.833165809478
-6.51064e-05,1.768844202161
-6.50996e-05,1.817085407709
-6.50928e-05,1.736683398554
-6.5086e-05,1.768844202195
-6.50792e-05,1.961809024283
-6.50724e-05,1.961809024249
-6.50656e-05,2.010050229728
-6.50588e-05,1.945728622343
-6.5052e-05,1.889447215979
-6.50452e-05,1.993969827856
-6.50384e-05,2.074371837149
-6.50316e-05,2.010050229728
-6.50248e-05,2.066331636126
-6.5018e-05,2.010050229763
-6.50112e-05,2.146733645384
-6.50044e-05,2.138693444396
-6.49976e-05,2.162814047153
-6.49908e-05,2.026130631531
-6.4984e-05,2.090452238848
-6.49772e-05,2.154773846234
-6.49704e-05,2.018090430612
-6.49636e-05,2.138693444466
-6.49568e-05,2.146733645315
-6.495e-05,2.170854248141
-6.49432e-05,2.251256257296
-6.49364e-05,2.090452238917
-6.49296e-05,2.090452238917
-6.49228e-05,2.090452238917
-6.4916e-05,2.130653243477
-6.49092e-05,2.074371837045
-6.49024e-05,2.082412038033
-6.48956e-05,2.154773846199
-6.48888e-05,2.194974850898
-6.4882e-05,2.170854248106
-6.48752e-05,2.227135654574
-6.48684e-05,2.235175855528
-6.48616e-05,2.251256257296
-6.48548e-05,2.186934649909
-6.4848e-05,2.090452238917
-6.48412e-05,2.186934649803
-6.48344e-05,2.002010028845
-6.48276e-05,2.058291435277
-6.48208e-05,1.905527617747
-6.4814e-05,1.929648220574
-6.48072e-05,1.95376882326
-6.48004e-05,2.15477384634
-6.47936e-05,2.315577864576
-6.47868e-05,2.363819070267
-6.478e-05,2.452261280304
-6.47732e-05,2.444221079421
-6.47664e-05,2.572864294052
-6.47596e-05,2.749748714339
-6.47528e-05,2.677386906034
-6.4746e-05,2.974874339962
-6.47392e-05,2.894472330809
-6.47324e-05,2.910552732754
-6.47256e-05,2.910552732718
-6.47188e-05,2.926633134413
-6.4712e-05,3.015075344557
-6.47052e-05,3.055276349187
-6.46984e-05,3.055276349187
-6.46916e-05,3.135678358376
-6.46848e-05,3.055276349187
-6.4678e-05,3.216080367493
-6.46712e-05,3.167839162124
-6.46644e-05,3.183919563853
-6.46576e-05,3.216080367565
-6.46508e-05,3.216080367565
-6.4644e-05,3.216080367565
-6.46372e-05,3.296482376754
-6.46304e-05,3.079396951835
-6.46236e-05,3.248241171205
-6.46168e-05,3.296482376754
-6.461e-05,3.296482376754
-6.46032e-05,3.296482376754
-6.45964e-05,3.248241171277
-6.45896e-05,3.30452257771
-6.45828e-05,3.376884385943
-6.4576e-05,3.256281372196
-6.45692e-05,3.216080367565
-6.45624e-05,3.360803984178
-6.45556e-05,3.312562778665
-6.45488e-05,3.320602979547
-6.4542e-05,3.296482376754
-6.45352e-05,3.296482376754
-6.45284e-05,3.360803984179
-6.45216e-05,3.30452257771
-6.45148e-05,3.441205993331
-6.4508e-05,3.296482376754
-6.45012e-05,3.312562778629
-6.44944e-05,3.304522577637
-6.44876e-05,3.376884385943
-6.44808e-05,3.376884385943
-6.4474e-05,3.457286395059
-6.44672e-05,3.352763783223
-6.44604e-05,3.296482376754
-6.44536e-05,3.441205993221
-6.44468e-05,3.296482376754
-6.444e-05,3.336683381312
-6.44332e-05,3.376884385943
-6.44264e-05,3.376884385943
-6.44196e-05,3.328643180393
-6.44128e-05,3.401004988737
-6.4406e-05,3.45728639517
-6.43992e-05,3.481406997852
-6.43924e-05,3.457286395133
-6.43856e-05,3.376884385943
-6.43788e-05,3.376884385943
-6.4372e-05,3.216080367491
-6.43652e-05,3.312562778629
-6.43584e-05,3.449246194251
-6.43516e-05,3.457286395133
-6.43448e-05,3.376884385943
-6.4338e-05,3.296482376792
-6.43312e-05,3.320602979474
-6.43244e-05,3.376884385943
-6.43176e-05,3.224120568521
-6.43108e-05,3.425125591532
-6.4304e-05,3.296482376754
-6.42972e-05,3.23216076944
-6.42904e-05,3.368844185062
-6.42836e-05,3.264321573116
-6.42768e-05,3.376884385943
-6.427e-05,3.376884385943
-6.42632e-05,3.320602979473
-6.42564e-05,3.312562778517
-6.42496e-05,3.232160769478
-6.42428e-05,3.248241171165
-6.4236e-05,3.29648237683
-6.42292e-05,3.296482376754
-6.42224e-05,3.224120568446
-6.42156e-05,3.167839162014
-6.42088e-05,3.183919563965
-6.4202e-05,3.216080367565
-6.41952e-05,3.272361774035
-6.41884e-05,3.135678358376
-6.41816e-05,3.288442175797
-6.41748e-05,3.151758760176
-6.4168e-05,3.175879362933
-6.41612e-05,3.216080367565
-6.41544e-05,3.143718559257
-6.41476e-05,3.135678358376
-6.41408e-05,3.135678358376
-6.4134e-05,3.135678358414
-6.41272e-05,3.216080367565
-6.41204e-05,3.216080367565
-6.41136e-05,3.208040166608
-6.41068e-05,3.135678358376
-6.41e-05,3.216080367565
-6.40932e-05,3.087437152939
-6.40864e-05,3.143718559257
-6.40796e-05,3.151758760291
-6.40728e-05,3.175879363162
-6.4066e-05,3.135678358376
-6.40592e-05,3.135678358376
-6.40524e-05,3.183919563851
-6.40456e-05,3.208040166608
-6.40388e-05,3.199999965766
-6.4032e-05,3.216080367488
-6.40252e-05,3.151758760252
-6.40184e-05,3.143718559256
-6.40116e-05,3.264321573117
-6.40048e-05,1.92160801819
-6.3998e-05,-0.402010046216
-6.39912e-05,-1.189949736154
-6.39844e-05,-1.350753754455
-6.39776e-05,-1.390954759088
-6.39708e-05,-1.608040183783
-6.3964e-05,-1.527638174593
-6.39572e-05,-1.447236165404
-6.39504e-05,-1.447236165404
-6.39436e-05,-1.479396969041
-6.39368e-05,-1.447236165404
-6.393e-05,-1.447236165521
-6.39232e-05,-1.6321607865
-6.39164e-05,-1.527638174593
-6.39096e-05,-1.519597973635
-6.39028e-05,-1.447236165404
-6.3896e-05,-1.608040183861
-6.38892e-05,-1.559798978347
-6.38824e-05,-1.543718576353
-6.38756e-05,-1.55979897823
-6.38688e-05,-1.64020098738
-6.3862e-05,-1.527638174593
-6.38552e-05,-1.640200987537
-6.38484e-05,-1.559798978308
-6.38416e-05,-1.688442192972
-6.38348e-05,-1.624120585581
-6.3828e-05,-1.567839179149
-6.38212e-05,-1.688442192972
-6.38144e-05,-1.616080384662
-6.38076e-05,-1.720602996608
-6.38008e-05,-1.84924621135
-6.3794e-05,-1.768844202121
-6.37872e-05,-1.744723599444
-6.37804e-05,-1.897487416824
-6.37736e-05,-1.841206010391
-6.37668e-05,-1.897487416943
-6.376e-05,-1.849246211271
-6.37532e-05,-1.704522594849
-6.37464e-05,-1.768844202161
-6.37396e-05,-1.865326613267
-6.37328e-05,-1.961809024135
-6.3726e-05,-1.76884420224
-6.37192e-05,-1.817085407595
-6.37124e-05,-1.913567818781
-6.37056e-05,-1.784924604078
-6.36988e-05,-1.801005005757
-6.3692e-05,-1.889447215984
-6.36852e-05,-1.84924621135
-6.36784e-05,-1.77688440304
-6.36716e-05,-1.897487416903
-6.36648e-05,-1.873366814147
-6.3658e-05,-2.010050229648
-6.36512e-05,-1.792964804878
-6.36444e-05,-1.897487416823
-6.36376e-05,-1.833165809432
-6.36308e-05,-1.752763800363
-6.3624e-05,-1.688442193052
-6.36172e-05,-1.70452259485
-6.36104e-05,-1.768844202161
-6.36036e-05,-1.929648220539
-6.35968e-05,-1.929648220539
-6.359e-05,-2.010050229728
-6.35832e-05,-2.066331636201
-6.35764e-05,-2.267336659255
-6.35696e-05,-2.259296458255
-6.35628e-05,-2.395979873876
-6.3556e-05,-2.492462284944
-6.35492e-05,-2.508542686741
-6.35424e-05,-2.500502485741
-6.35356e-05,-2.572864294052
-6.35288e-05,-2.621105499647
-6.3522e-05,-2.81407032162
-6.35152e-05,-2.81407032162
-6.35084e-05,-2.830150723376
-6.35016e-05,-2.87035172793
-6.34948e-05,-2.846231125417
-6.3488e-05,-2.854271326255
-6.34812e-05,-2.81407032162
-6.34744e-05,-2.886432129931
-6.34676e-05,-2.942713536363
-6.34608e-05,-2.81407032162
-6.3454e-05,-2.974874339916
-6.34472e-05,-2.926633134566
-6.34404e-05,-3.007035143714
-6.34336e-05,-3.055276349187
-6.34268e-05,-2.990954741795
-6.342e-05,-2.894472330727
-6.34132e-05,-3.039195947308
-6.34064e-05,-2.974874339998
-6.33996e-05,-2.926633134443
-6.33928e-05,-2.998994942796
-6.3386e-05,-2.974874340039
-6.33792e-05,-2.998994942713
-6.33724e-05,-2.942713536281
-6.33656e-05,-3.055276349187
-6.33588e-05,-2.926633134402
-6.3352e-05,-3.09547735374
-6.33452e-05,-3.055276349187
-6.33384e-05,-3.127638157498
-6.33316e-05,-3.199999965851
-6.33248e-05,-3.063316549982
-6.3318e-05,-2.894472330933
-6.33112e-05,-3.135678358376
-6.33044e-05,-3.055276349187
-6.32976e-05,-3.063316550147
-6.32908e-05,-3.071356750983
-6.3284e-05,-3.135678358376
-6.32772e-05,-3.119597956497
-6.32704e-05,-2.982914540875
-6.32636e-05,-3.135678358376
-6.32568e-05,-3.055276349187
-6.325e-05,-3.135678358376
-6.32432e-05,-3.19195976485
-6.32364e-05,-3.167839162093
-6.32296e-05,-3.055276349187
-6.32228e-05,-3.055276349187
-6.3216e-05,-3.095477353823
-6.32092e-05,-3.055276349187
-6.32024e-05,-1.318592949697
-6.31956e-05,0.916582905133
-6.31888e-05,1.310552749825
-6.3182e-05,1.447236165404
-6.31752e-05,1.503517571879
-6.31684e-05,1.447236165404
-6.31616e-05,1.31859295087
-6.31548e-05,1.608040183783
-6.3148e-05,1.608040183783
-6.31412e-05,1.463316567284
-6.31344e-05,1.744723599531
-6.31276e-05,1.656281389338
-6.31208e-05,1.664321590173
-6.3114e-05,1.608040183867
-6.31072e-05,1.712562795686
-6.31004e-05,1.72060299669
-6.30936e-05,1.7608040012
-6.30868e-05,1.752763800365
-6.308e-05,1.768844202161
-6.30732e-05,1.768844202161
-6.30664e-05,1.768844202161
-6.30596e-05,1.736683398315
-6.30528e-05,1.873366814149
-6.3046e-05,2.010050229686
-6.30392e-05,1.929648220539
-6.30324e-05,1.961809024257
-6.30256e-05,2.090452238917
-6.30188e-05,1.96180902413
-6.3012e-05,2.050251234365
-6.30052e-05,2.026130631609
-6.29984e-05,2.16281404723
-6.29916e-05,2.058291435284
-6.29848e-05,2.146733645307
-6.2978e-05,2.090452238917
-6.29712e-05,2.146733645393
-6.29644e-05,2.090452238917
-6.29576e-05,2.098492439879
-6.29508e-05,2.042211033318
-6.2944e-05,2.090452238832
-6.29372e-05,2.186934649987
-6.29304e-05,2.251256257296
-6.29236e-05,2.138693444474
-6.29168e-05,2.194974850906
-6.291e-05,2.090452238917
-6.29032e-05,2.146733645393
-6.28964e-05,2.267336659047
-6.28896e-05,2.235175855372
-6.28828e-05,2.219095453706
-6.2876e-05,2.170854248193
-6.28692e-05,2.235175855415
-6.28624e-05,2.170854248106
-6.28556e-05,2.138693444474
-6.28488e-05,2.194974850907
-6.2842e-05,2.251256257296
-6.28352e-05,2.251256257296
-6.28284e-05,1.89748741682
-6.28216e-05,1.993969827804
-6.28148e-05,1.977889426139
-6.2808e-05,1.889447215814
-6.28012e-05,-1.173869334292
-6.27944e-05,-2.090452239353
-6.27876e-05,-2.251256257296
-6.27808e-05,-2.259296458084
-6.2774e-05,-2.251256257208
-6.27672e-05,-2.090452238917
-6.27604e-05,-2.203015051826
-6.27536e-05,-2.154773846181
-6.27468e-05,-2.010050229728
-6.274e-05,-2.090452238917
-6.27332e-05,-1.993969827847
-6.27264e-05,-2.002010028853
-6.27196e-05,-1.945728622245
-6.27128e-05,-1.873366814151
-6.2706e-05,-1.929648220451
-6.26992e-05,-1.881407015113
-6.26924e-05,-1.929648220539
-6.26856e-05,-1.921608019576
-6.26788e-05,-1.84924621135
-6.2672e-05,-1.809045206887
-6.26652e-05,-1.833165809468
-6.26584e-05,-1.768844202161
-6.26516e-05,-1.865326613276
-6.26448e-05,-1.873366814151
-6.2638e-05,-1.849246211262
-6.26312e-05,-1.801005005925
-6.26244e-05,-1.84924621135
-6.26176e-05,-1.688442192972
-6.26108e-05,-1.752763800367
-6.2604e-05,-1.8090452068
-6.25972e-05,-1.768844202161
-6.25904e-05,-1.696482393846
-6.25836e-05,-1.817085407719
-6.25768e-05,-1.825125608549
-6.257e-05,-1.768844202116
-6.25632e-05,-1.688442192972
-6.25564e-05,-1.672361791223
-6.25496e-05,-1.696482393935
-6.25428e-05,-1.768844202161
-6.2536e-05,-1.728643197522
-6.25292e-05,-1.736683398396
-6.25224e-05,-1.608040183783
-6.25156e-05,-1.704522594899
-6.25088e-05,-1.712562795773
-6.2502e-05,-1.768844202116
-6.24952e-05,-1.744723599449
-6.24884e-05,-1.801005005881
-6.24816e-05,-1.841206010386
-6.24748e-05,-1.704522594765
-6.2468e-05,-1.8090452068
-6.24612e-05,-1.881407014891
-6.24544e-05,-1.760804001287
-6.24476e-05,-1.672361791044
-6.24408e-05,-1.608040183783
-6.2434e-05,-1.608040183738
-6.24272e-05,-1.415075361639
-6.24204e-05,-1.479396969125
-6.24136e-05,-1.503517571702
-6.24068e-05,-1.479396969215
-6.24e-05,-1.688442193062
-6.23932e-05,-1.801005005927
-6.23864e-05,-1.929648220539
-6.23796e-05,-2.138693444476
-6.23728e-05,-2.066331636115
-6.2366e-05,-2.170854248152
-6.23592e-05,-2.363819070251
-6.23524e-05,-2.299497462764
-6.23456e-05,-2.40402007471
-6.23388e-05,-2.331658266485
-6.2332e-05,-2.492462284863
-6.23252e-05,-2.621105499475
-6.23184e-05,-2.637185901494
-6.23116e-05,-2.524623088493
-6.23048e-05,-2.653266303241
-6.2298e-05,-2.814070321529
-6.22912e-05,-2.709547709719
-6.22844e-05,-2.894472330809
-6.22776e-05,-2.830150723549
-6.22708e-05,-2.974874339998
-6.2264e-05,-2.934673335358
-6.22572e-05,-2.830150723503
-6.22504e-05,-3.03919594744
-6.22436e-05,-3.055276349187
-6.22368e-05,-2.894472330809
-6.223e-05,-2.894472330854
-6.22232e-05,-2.91859293352
-6.22164e-05,-2.942713536276
-6.22096e-05,-2.982914540963
-6.22028e-05,-3.055276349187
-6.2196e-05,-3.095477353919
-6.21892e-05,-2.990954741882
-6.21824e-05,-2.982914540871
-6.21756e-05,-2.926633134438
-6.21688e-05,-3.07939695199
-6.2162e-05,-3.135678358284
-6.21552e-05,-2.974874339998
-6.21484e-05,-3.087437152909
-6.21416e-05,-3.135678358376
-6.21348e-05,-3.135678358376
-6.2128e-05,-3.055276349187
-6.21212e-05,-3.055276349187
-6.21144e-05,-2.98291454087
-6.21076e-05,-3.087437152816
-6.21008e-05,-3.143718559156
-6.2094e-05,-3.135678358376
-6.20872e-05,-3.023115545419
-6.20804e-05,-3.00703514372
-6.20736e-05,-2.966834139032
-6.20668e-05,-2.830150723411
-6.206e-05,-2.814070321712
-6.20532e-05,-2.492462284863
-6.20464e-05,-2.492462284863
-6.20396e-05,-2.412060275674
-6.20328e-05,-2.484422084084
-6.2026e-05,-2.73366831243
-6.20192e-05,-2.958793938347
-6.20124e-05,-3.119597956632
-6.20056e-05,-3.119597955978
-6.19988e-05,-0.321608035355
-6.1992e-05,0.723618082796
-6.19852e-05,0.755778886471
-6.19784e-05,0.739698484446
-6.19716e-05,0.739698484634
-6.19648e-05,0.932663306688
-6.1958e-05,1.045226119459
-6.19512e-05,1.214070338897
-6.19444e-05,1.511557772849
-6.19376e-05,1.857286412316
-6.19308e-05,2.315577864929
-6.1924e-05,2.693467307977
-6.19172e-05,2.910552732694
-6.19104e-05,2.90251253168
-6.19036e-05,2.894472330809
-6.18968e-05,2.709547709627
-6.189e-05,2.492462284722
-6.18832e-05,1.969849224898
-6.18764e-05,1.591959781803
-6.18696e-05,1.117587927682
-6.18628e-05,0.723618082466
-6.1856e-05,0.48241205504
-6.18492e-05,0.402010045946
-6.18424e-05,0.546733662581
-6.18356e-05,0.643216073513
-6.18288e-05,0.988944713074
-6.1822e-05,1.447236165547
-6.18152e-05,1.913567818891
-6.18084e-05,2.251256257296
-6.18016e-05,2.998994942897
-6.17948e-05,3.151758760166
-6.1788e-05,3.296482376944
-6.17812e-05,3.553768806207
-6.17744e-05,3.618090413511
-6.17676e-05,3.280401974821
-6.17608e-05,2.982914540774
-6.1754e-05,2.65326630286
-6.17472e-05,1.953768823248
-6.17404e-05,1.463316567147
-6.17336e-05,1.206030137837
-6.17268e-05,1.01306531564
-6.172e-05,0.964824110365
-6.17132e-05,1.045226119459
-6.17064e-05,1.262311544413
-6.16996e-05,1.511557772899
-6.16928e-05,1.760804001386
-6.1686e-05,2.170854248154
-6.16792e-05,2.420100476737
-6.16724e-05,2.701507508947
-6.16656e-05,2.990954741932
-6.16588e-05,3.135678358376
-6.1652e-05,3.216080367469
-6.16452e-05,3.248241171096
-6.16384e-05,2.765829115913
-6.16316e-05,2.588944695745
-6.16248e-05,2.154773846076
-6.1618e-05,1.849246211302
-6.16112e-05,1.71256279568
-6.16044e-05,0.514572857893
-6.15976e-05,-2.669346705176
-6.15908e-05,-3.071356751218
-6.1584e-05,-3.055276349187
-6.15772e-05,-2.926633134339
-6.15704e-05,-2.661306504112
-6.15636e-05,-2.52462308849
-6.15568e-05,-2.331658266485
-6.155e-05,-2.010050229728
-6.15432e-05,-1.897487416766
-6.15364e-05,-1.704522594712
-6.15296e-05,-1.535678375561
-6.15228e-05,-1.415075361583
-6.1516e-05,-1.286432147123
-6.15092e-05,-1.23819094161
-6.15024e-05,-1.294472347896
-6.14956e-05,-1.447236165404
-6.14888e-05,-1.744723599355
-6.1482e-05,-1.929648220539
-6.14752e-05,-1.929648220539
-6.14684e-05,-1.913567818799
-6.14616e-05,-2.170854248106
-6.14548e-05,-2.235175855507
-6.1448e-05,-2.37185927103
-6.14412e-05,-2.235175855409
-6.14344e-05,-2.170854248106
-6.14276e-05,-1.993969827792
-6.14208e-05,-1.905527617733
-6.1414e-05,-1.849246211203
-6.14072e-05,-1.720602996746
-6.14004e-05,-1.495477370869
-6.13936e-05,-1.519597973625
-6.13868e-05,-1.447236165404
-6.138e-05,-1.326633151571
-6.13732e-05,-1.431155763517
-6.13664e-05,-1.511557772854
-6.13596e-05,-1.398994959842
-6.13528e-05,-1.688442192972
-6.1346e-05,-1.929648220539
-6.13392e-05,-1.985929627021
-6.13324e-05,-1.961809024264
-6.13256e-05,-2.090452238917
-6.13188e-05,-2.090452238917
-6.1312e-05,-2.130653243759
-6.13052e-05,-2.122613042445
-6.12984e-05,-1.857286412219
-6.12916e-05,-1.768844202161
-6.12848e-05,-1.825125608544
-6.1278e-05,-1.527638174494
-6.12712e-05,-1.423115562697
-6.12644e-05,-1.415075361679
-6.12576e-05,-1.366834156215
-6.12508e-05,-1.431155763616
-6.1244e-05,-1.447236165404
-6.12372e-05,-1.39899495999
-6.12304e-05,-1.527638174593
-6.12236e-05,-1.543718576531
-6.12168e-05,-1.712562795778
-6.121e-05,-1.527638174843
-6.12032e-05,-1.929648220539
-6.11964e-05,-1.961809024265
-6.11896e-05,-2.170854248106
-6.11828e-05,-2.170854248106
-6.1176e-05,-2.251256257296
-6.11692e-05,-2.379899471898
-6.11624e-05,-2.251256257296
-6.11556e-05,-2.13869344423
-6.11488e-05,-2.203015051682
-6.1142e-05,-2.170854248106
-6.11352e-05,-2.170854248106
-6.11284e-05,-2.363819070211
-6.11216e-05,-2.339698467454
-6.11148e-05,-2.540703490477
-6.1108e-05,-2.452261280319
-6.11012e-05,-2.653266303241
-6.10944e-05,-2.797989919882
-6.10876e-05,-2.894472330809
-6.10808e-05,-3.079396951994
-6.1074e-05,-3.216080367515
-6.10672e-05,-3.135678358376
-6.10604e-05,-3.087437152913
-6.10536e-05,-3.135678358376
-6.10468e-05,-3.135678358376
-6.104e-05,-2.894472330809
-6.10332e-05,-2.926633134585
-6.10264e-05,-2.982914540866
-6.10196e-05,-2.81407032162
-6.10128e-05,-2.894472330809
-6.1006e-05,-2.814070321721
-6.09992e-05,-2.918592933515
-6.09924e-05,-2.926633134535
-6.09856e-05,-3.055276349187
-6.09788e-05,-3.119597956589
-6.0972e-05,-3.015075344643
-6.09652e-05,-3.135678358376
-6.09584e-05,-3.135678358376
-6.09516e-05,-3.151758760316
-6.09448e-05,-3.191959764757
-6.0938e-05,-3.216080367463
-6.09312e-05,-3.055276349187
-6.09244e-05,-3.071356750923
-6.09176e-05,-3.135678358376
-6.09108e-05,-3.071356750974
-6.0904e-05,-3.175879363022
-6.08972e-05,-3.135678358376
-6.08904e-05,-3.135678358376
-6.08836e-05,-3.055276349187
-6.08768e-05,-3.047236148422
-6.087e-05,-3.055276349187
-6.08632e-05,-3.167839162154
-6.08564e-05,-3.135678358376
-6.08496e-05,-3.127638157406
-6.08428e-05,-3.055276349187
-6.0836e-05,-3.015075344644
-6.08292e-05,-3.248241171087
-6.08224e-05,-3.127638157509
-6.08156e-05,-3.183919563941
-6.08088e-05,-3.159798961184
-6.0802e-05,-3.05527634929
-6.07952e-05,-3.216080367565
-6.07884e-05,-3.087437152914
-6.07816e-05,-2.990954741939
-6.07748e-05,-3.071356750973
-6.0768e-05,-3.175879362919
-6.07612e-05,-3.135678358376
-6.07544e-05,-3.208040166698
-6.07476e-05,-3.183919563941
-6.07408e-05,-3.159798961185
-6.0734e-05,-3.135678358376
-6.07272e-05,-3.248241171344
-6.07204e-05,-3.167839162104
-6.07136e-05,-3.135678358376
-6.07068e-05,-3.264321573182
-6.07e-05,-3.175879362919
-6.06932e-05,-3.151758760266
-6.06864e-05,-3.216080367565
-6.06796e-05,-3.039195947245
-6.06728e-05,-3.055276349187
-6.0666e-05,-2.97487434005
-6.06592e-05,-3.055276349187
-6.06524e-05,-2.878391929075
-6.06456e-05,-2.974874339998
-6.06388e-05,-3.103517554805
-6.0632e-05,-3.055276349187
-6.06252e-05,-2.926633134589
-6.06184e-05,-3.055276349187
-6.06116e-05,-2.926633134432
-6.06048e-05,-3.023115545616
-6.0598e-05,-2.974874339998
-6.05912e-05,-3.031155746483
-6.05844e-05,-3.007035143726
-6.05776e-05,-3.191959764651
-6.05708e-05,-2.974874339998
-6.0564e-05,-3.095477353729
-6.05572e-05,-2.910552732699
-6.05504e-05,-2.974874339998
-6.05436e-05,-2.894472330809
-6.05368e-05,-2.942713536427
-6.053e-05,-2.733668312536
-6.05232e-05,-2.894472330809
-6.05164e-05,-2.926633134537
-6.05096e-05,-2.894472330809
-6.05028e-05,-3.087437153021
-6.0496e-05,-2.974874339998
-6.04892e-05,-2.894472330809
-6.04824e-05,-2.894472330809
-6.04756e-05,-2.958793938054
-6.04688e-05,-2.918592933618
-6.0462e-05,-3.055276349081
-6.04552e-05,-2.950753737294
-6.04484e-05,-2.910552732541
-6.04416e-05,-2.749748714374
-6.04348e-05,-2.958793938213
-6.0428e-05,-2.894472330809
-6.04212e-05,-2.9105527327
-6.04144e-05,-2.902512531674
-6.04076e-05,-2.974874339998
-6.04008e-05,-0.570854264552
-6.0394e-05,1.366834156268
-6.03872e-05,1.559798978375
-6.03804e-05,1.591959782051
-6.03736e-05,1.463316567349
-6.03668e-05,1.672361791187
-6.036e-05,1.608040183889
-6.03532e-05,1.704522594863
-6.03464e-05,1.696482393837
-6.03396e-05,1.768844202161
-6.03328e-05,1.632160786593
-6.0326e-05,1.768844202107
-6.03192e-05,1.744723599458
-6.03124e-05,1.688442192972
-6.03056e-05,1.921608019567
-6.02988e-05,1.913567818755
-6.0292e-05,1.809045206809
-6.02852e-05,1.801005005944
-6.02784e-05,2.074371837187
-6.02716e-05,1.945728622484
-6.02648e-05,1.95376882335
-6.0258e-05,1.929648220539
-6.02512e-05,1.929648220539
-6.02444e-05,2.090452238917
-6.02376e-05,2.170854248106
-6.02308e-05,2.042211033296
-6.0224e-05,2.130653243458
-6.02172e-05,2.010050229728
-6.02104e-05,2.010050229728
-6.02036e-05,2.010050229728
-6.01968e-05,2.114572841728
-6.019e-05,2.090452238863
-6.01832e-05,2.122613042701
-6.01764e-05,2.058291435188
-6.01696e-05,2.010050229728
-6.01628e-05,2.074371837134
-6.0156e-05,2.090452239026
-6.01492e-05,2.106532640809
-6.01424e-05,2.170854248106
-6.01356e-05,2.122613042539
-6.01288e-05,2.227135654485
-6.0122e-05,2.090452239026
-6.01152e-05,2.194974850809
-6.01084e-05,2.154773846106
-6.01016e-05,2.170854248106
-6.00948e-05,2.106532640701
-6.0088e-05,2.130653243458
-6.00812e-05,2.203015051891
-6.00744e-05,2.114572841511
-6.00676e-05,2.251256257296
-6.00608e-05,2.066331636106
-6.0054e-05,2.170854248106
-6.00472e-05,2.058291435133
-6.00404e-05,2.058291435187
-6.00336e-05,1.929648220539
-6.00268e-05,1.929648220539
